USE [uade]
GO
INSERT [dbo].[provincias] ([provincia_cod], [provincia_desc]) VALUES (N'BA', N'Buenos Aires')
INSERT [dbo].[provincias] ([provincia_cod], [provincia_desc]) VALUES (N'CA', N'Catamarca')
INSERT [dbo].[provincias] ([provincia_cod], [provincia_desc]) VALUES (N'CB', N'Cordoba')
INSERT [dbo].[provincias] ([provincia_cod], [provincia_desc]) VALUES (N'CF', N'C.A.B.A.')
INSERT [dbo].[provincias] ([provincia_cod], [provincia_desc]) VALUES (N'CH', N'Chaco')
INSERT [dbo].[provincias] ([provincia_cod], [provincia_desc]) VALUES (N'CO', N'Corrientes')
INSERT [dbo].[provincias] ([provincia_cod], [provincia_desc]) VALUES (N'CT', N'Chubut')
INSERT [dbo].[provincias] ([provincia_cod], [provincia_desc]) VALUES (N'ER', N'Entre Rios')
INSERT [dbo].[provincias] ([provincia_cod], [provincia_desc]) VALUES (N'FO', N'Formosa')
INSERT [dbo].[provincias] ([provincia_cod], [provincia_desc]) VALUES (N'JU', N'Jujuy')
INSERT [dbo].[provincias] ([provincia_cod], [provincia_desc]) VALUES (N'LP', N'La Pampa')
INSERT [dbo].[provincias] ([provincia_cod], [provincia_desc]) VALUES (N'LR', N'La Rioja')
INSERT [dbo].[provincias] ([provincia_cod], [provincia_desc]) VALUES (N'ME', N'Mendoza')
INSERT [dbo].[provincias] ([provincia_cod], [provincia_desc]) VALUES (N'MI', N'Misiones')
INSERT [dbo].[provincias] ([provincia_cod], [provincia_desc]) VALUES (N'NE', N'Neuquen')
INSERT [dbo].[provincias] ([provincia_cod], [provincia_desc]) VALUES (N'RN', N'Rio Negro')
INSERT [dbo].[provincias] ([provincia_cod], [provincia_desc]) VALUES (N'SA', N'Salta')
INSERT [dbo].[provincias] ([provincia_cod], [provincia_desc]) VALUES (N'SC', N'Santa Cruz')
INSERT [dbo].[provincias] ([provincia_cod], [provincia_desc]) VALUES (N'SE', N'Santiago del Estero')
INSERT [dbo].[provincias] ([provincia_cod], [provincia_desc]) VALUES (N'SF', N'Santa Fé')
INSERT [dbo].[provincias] ([provincia_cod], [provincia_desc]) VALUES (N'SJ', N'San Juan')
INSERT [dbo].[provincias] ([provincia_cod], [provincia_desc]) VALUES (N'TF', N'Tierra del Fuego')
INSERT [dbo].[provincias] ([provincia_cod], [provincia_desc]) VALUES (N'TU', N'Tucuman')
GO
INSERT [dbo].[fabricantes] ([fabricante_cod], [fabricante_nom], [tiempo_entrega], [provincia_cod]) VALUES (N'ALAS', N'Alanis ', NULL, N'JU')
INSERT [dbo].[fabricantes] ([fabricante_cod], [fabricante_nom], [tiempo_entrega], [provincia_cod]) VALUES (N'BERI', N'Benemerito', 10, N'SA')
INSERT [dbo].[fabricantes] ([fabricante_cod], [fabricante_nom], [tiempo_entrega], [provincia_cod]) VALUES (N'CASA', N'Camino Salasa', 2, N'CF')
INSERT [dbo].[fabricantes] ([fabricante_cod], [fabricante_nom], [tiempo_entrega], [provincia_cod]) VALUES (N'DOTO', N'Domingo', 3, N'CO')
INSERT [dbo].[fabricantes] ([fabricante_cod], [fabricante_nom], [tiempo_entrega], [provincia_cod]) VALUES (N'EXPO', N'Expo Polo', NULL, N'BA')
INSERT [dbo].[fabricantes] ([fabricante_cod], [fabricante_nom], [tiempo_entrega], [provincia_cod]) VALUES (N'FWAI', N'Ferri Wai', 4, N'LP')
INSERT [dbo].[fabricantes] ([fabricante_cod], [fabricante_nom], [tiempo_entrega], [provincia_cod]) VALUES (N'GAMA', N'Galileo', 8, N'BA')
INSERT [dbo].[fabricantes] ([fabricante_cod], [fabricante_nom], [tiempo_entrega], [provincia_cod]) VALUES (N'HILO', N'Hijos Lopez', 7, N'BA')
INSERT [dbo].[fabricantes] ([fabricante_cod], [fabricante_nom], [tiempo_entrega], [provincia_cod]) VALUES (N'IMPO', N'Importadora Leo', NULL, N'BA')
INSERT [dbo].[fabricantes] ([fabricante_cod], [fabricante_nom], [tiempo_entrega], [provincia_cod]) VALUES (N'JAVA', N'Jabon Vasa', 4, N'BA')
INSERT [dbo].[fabricantes] ([fabricante_cod], [fabricante_nom], [tiempo_entrega], [provincia_cod]) VALUES (N'LACO', N'Laminados', 4, N'BA')
INSERT [dbo].[fabricantes] ([fabricante_cod], [fabricante_nom], [tiempo_entrega], [provincia_cod]) VALUES (N'MILA', N'Miel Lana', NULL, N'ER')
INSERT [dbo].[fabricantes] ([fabricante_cod], [fabricante_nom], [tiempo_entrega], [provincia_cod]) VALUES (N'NORA', N'Norma Ramos', NULL, N'CF')
INSERT [dbo].[fabricantes] ([fabricante_cod], [fabricante_nom], [tiempo_entrega], [provincia_cod]) VALUES (N'TASO', N'Tano Sola', NULL, N'CH')
INSERT [dbo].[fabricantes] ([fabricante_cod], [fabricante_nom], [tiempo_entrega], [provincia_cod]) VALUES (N'ZICO', N'CIngueria', 8, N'CO')
GO
INSERT [dbo].[productos] ([producto_cod], [producto_desc], [fabricante_cod], [precio_unit]) VALUES (1000, N'Tornillos', N'LACO', CAST(150.00 AS Decimal(10, 2)))
INSERT [dbo].[productos] ([producto_cod], [producto_desc], [fabricante_cod], [precio_unit]) VALUES (1001, N'Tuercas', N'IMPO', CAST(120.00 AS Decimal(10, 2)))
INSERT [dbo].[productos] ([producto_cod], [producto_desc], [fabricante_cod], [precio_unit]) VALUES (1002, N'Remaches', N'ALAS', CAST(100.00 AS Decimal(10, 2)))
INSERT [dbo].[productos] ([producto_cod], [producto_desc], [fabricante_cod], [precio_unit]) VALUES (1003, N'Pendrives 16Gb', N'BERI', CAST(200.00 AS Decimal(10, 2)))
INSERT [dbo].[productos] ([producto_cod], [producto_desc], [fabricante_cod], [precio_unit]) VALUES (1004, N'Silla', N'CASA', CAST(400.00 AS Decimal(10, 2)))
INSERT [dbo].[productos] ([producto_cod], [producto_desc], [fabricante_cod], [precio_unit]) VALUES (1005, N'Secador', N'DOTO', CAST(240.00 AS Decimal(10, 2)))
INSERT [dbo].[productos] ([producto_cod], [producto_desc], [fabricante_cod], [precio_unit]) VALUES (1006, N'Ruleman', N'EXPO', CAST(80.00 AS Decimal(10, 2)))
INSERT [dbo].[productos] ([producto_cod], [producto_desc], [fabricante_cod], [precio_unit]) VALUES (1007, N'Termo', N'FWAI', CAST(170.00 AS Decimal(10, 2)))
INSERT [dbo].[productos] ([producto_cod], [producto_desc], [fabricante_cod], [precio_unit]) VALUES (1008, N'Cafetera', N'GAMA', CAST(220.00 AS Decimal(10, 2)))
INSERT [dbo].[productos] ([producto_cod], [producto_desc], [fabricante_cod], [precio_unit]) VALUES (1009, N'Cafe', N'JAVA', CAST(190.00 AS Decimal(10, 2)))
INSERT [dbo].[productos] ([producto_cod], [producto_desc], [fabricante_cod], [precio_unit]) VALUES (1010, N'Resmas A4', N'NORA', CAST(100.00 AS Decimal(10, 2)))
INSERT [dbo].[productos] ([producto_cod], [producto_desc], [fabricante_cod], [precio_unit]) VALUES (1011, N'Mesa', N'CASA', CAST(800.00 AS Decimal(10, 2)))
INSERT [dbo].[productos] ([producto_cod], [producto_desc], [fabricante_cod], [precio_unit]) VALUES (1012, N'Anteojos', N'CASA', CAST(180.00 AS Decimal(10, 2)))
INSERT [dbo].[productos] ([producto_cod], [producto_desc], [fabricante_cod], [precio_unit]) VALUES (1013, N'TV 15''', N'CASA', CAST(210.00 AS Decimal(10, 2)))
INSERT [dbo].[productos] ([producto_cod], [producto_desc], [fabricante_cod], [precio_unit]) VALUES (1014, N'TV 20''', N'CASA', CAST(220.00 AS Decimal(10, 2)))
INSERT [dbo].[productos] ([producto_cod], [producto_desc], [fabricante_cod], [precio_unit]) VALUES (1015, N'TV 30''', N'CASA', CAST(230.00 AS Decimal(10, 2)))
INSERT [dbo].[productos] ([producto_cod], [producto_desc], [fabricante_cod], [precio_unit]) VALUES (1016, N'Tijera', N'DOTO', CAST(180.00 AS Decimal(10, 2)))
INSERT [dbo].[productos] ([producto_cod], [producto_desc], [fabricante_cod], [precio_unit]) VALUES (1017, N'Cepillo', N'DOTO', CAST(120.00 AS Decimal(10, 2)))
GO
INSERT [dbo].[clientes] ([cliente_num], [nombre], [apellido], [empresa], [domicilio], [ciudad], [provincia_cod], [codPostal], [telefono], [cliente_ref], [estado]) VALUES (101, N'Horacio', N'De Marco', N'Ganadera', N'Por ahi 127', N'CABA', N'CF', N'8789 ', N'1111-2222', NULL, N'A')
INSERT [dbo].[clientes] ([cliente_num], [nombre], [apellido], [empresa], [domicilio], [ciudad], [provincia_cod], [codPostal], [telefono], [cliente_ref], [estado]) VALUES (102, N'Omar', N'Ramos', NULL, NULL, N'CABA', N'CF', N'1234 ', N'3333-4444', 101, N'A')
INSERT [dbo].[clientes] ([cliente_num], [nombre], [apellido], [empresa], [domicilio], [ciudad], [provincia_cod], [codPostal], [telefono], [cliente_ref], [estado]) VALUES (103, N'Marta', N'Smith', NULL, NULL, NULL, N'BA', NULL, N'5555-6666', 101, N'A')
INSERT [dbo].[clientes] ([cliente_num], [nombre], [apellido], [empresa], [domicilio], [ciudad], [provincia_cod], [codPostal], [telefono], [cliente_ref], [estado]) VALUES (104, N'Olga', N'Masa', NULL, NULL, NULL, N'BA', NULL, N'7777-8888', 103, N'A')
INSERT [dbo].[clientes] ([cliente_num], [nombre], [apellido], [empresa], [domicilio], [ciudad], [provincia_cod], [codPostal], [telefono], [cliente_ref], [estado]) VALUES (105, N'Eduardo', N'Ansel', N'Autox SA', NULL, NULL, N'BA', NULL, N'9999-0000', 103, N'A')
INSERT [dbo].[clientes] ([cliente_num], [nombre], [apellido], [empresa], [domicilio], [ciudad], [provincia_cod], [codPostal], [telefono], [cliente_ref], [estado]) VALUES (106, N'Javier', N'Silva', N'Fita SCA', NULL, NULL, N'LP', NULL, N'1234-5678', 103, N'A')
INSERT [dbo].[clientes] ([cliente_num], [nombre], [apellido], [empresa], [domicilio], [ciudad], [provincia_cod], [codPostal], [telefono], [cliente_ref], [estado]) VALUES (107, N'Ana', N'Bequi', NULL, NULL, NULL, N'RN', NULL, N'9876-5432', 106, N'A')
INSERT [dbo].[clientes] ([cliente_num], [nombre], [apellido], [empresa], [domicilio], [ciudad], [provincia_cod], [codPostal], [telefono], [cliente_ref], [estado]) VALUES (108, N'Carla', N'VIck', NULL, NULL, NULL, N'SA', NULL, N'1357-1357', 107, N'A')
INSERT [dbo].[clientes] ([cliente_num], [nombre], [apellido], [empresa], [domicilio], [ciudad], [provincia_cod], [codPostal], [telefono], [cliente_ref], [estado]) VALUES (109, N'Aldo', N'Lagos', NULL, NULL, NULL, N'JU', NULL, N'2468-2468', 107, N'A')
INSERT [dbo].[clientes] ([cliente_num], [nombre], [apellido], [empresa], [domicilio], [ciudad], [provincia_cod], [codPostal], [telefono], [cliente_ref], [estado]) VALUES (110, N'Felix', N'Lora', NULL, NULL, NULL, N'FO', NULL, N'2468-9753', NULL, N'A')
INSERT [dbo].[clientes] ([cliente_num], [nombre], [apellido], [empresa], [domicilio], [ciudad], [provincia_cod], [codPostal], [telefono], [cliente_ref], [estado]) VALUES (111, N'Rene', N'Brown', NULL, NULL, NULL, N'CF', NULL, N'2467-7324', NULL, N'A')
INSERT [dbo].[clientes] ([cliente_num], [nombre], [apellido], [empresa], [domicilio], [ciudad], [provincia_cod], [codPostal], [telefono], [cliente_ref], [estado]) VALUES (112, N'Walter', N'Clos', NULL, NULL, NULL, N'ME', NULL, N'2143-6576', 111, N'A')
INSERT [dbo].[clientes] ([cliente_num], [nombre], [apellido], [empresa], [domicilio], [ciudad], [provincia_cod], [codPostal], [telefono], [cliente_ref], [estado]) VALUES (113, N'Ema', N'Thomson', NULL, NULL, NULL, N'RN', NULL, N'4354-7687', 111, N'A')
INSERT [dbo].[clientes] ([cliente_num], [nombre], [apellido], [empresa], [domicilio], [ciudad], [provincia_cod], [codPostal], [telefono], [cliente_ref], [estado]) VALUES (114, N'Vera', N'Torne', NULL, NULL, NULL, N'RN', NULL, N'9090-8787', 111, N'A')
INSERT [dbo].[clientes] ([cliente_num], [nombre], [apellido], [empresa], [domicilio], [ciudad], [provincia_cod], [codPostal], [telefono], [cliente_ref], [estado]) VALUES (115, N'Dana', N'Lana', NULL, NULL, NULL, NULL, NULL, NULL, NULL, N'A')
INSERT [dbo].[clientes] ([cliente_num], [nombre], [apellido], [empresa], [domicilio], [ciudad], [provincia_cod], [codPostal], [telefono], [cliente_ref], [estado]) VALUES (116, N'Jose', N'Verdi', N'Opera', NULL, NULL, N'BA', NULL, NULL, NULL, N'A')
INSERT [dbo].[clientes] ([cliente_num], [nombre], [apellido], [empresa], [domicilio], [ciudad], [provincia_cod], [codPostal], [telefono], [cliente_ref], [estado]) VALUES (117, N'Camilo', N'Quinto', N'Odeon', NULL, NULL, N'BA', NULL, NULL, NULL, N'A')
INSERT [dbo].[clientes] ([cliente_num], [nombre], [apellido], [empresa], [domicilio], [ciudad], [provincia_cod], [codPostal], [telefono], [cliente_ref], [estado]) VALUES (118, N'Rene', N'Frog', N'Manotas SA', NULL, N'San Pedro', N'JU', NULL, NULL, NULL, N'I')
INSERT [dbo].[clientes] ([cliente_num], [nombre], [apellido], [empresa], [domicilio], [ciudad], [provincia_cod], [codPostal], [telefono], [cliente_ref], [estado]) VALUES (119, N'Lara', N'Cross', N'chucherias', N'San Jose 1165', N'CABA', N'CF', N'1234 ', N'2222-2222', NULL, N'A')
INSERT [dbo].[clientes] ([cliente_num], [nombre], [apellido], [empresa], [domicilio], [ciudad], [provincia_cod], [codPostal], [telefono], [cliente_ref], [estado]) VALUES (120, N'Morena', N'Casanova', N'Porcelanas', N'San Juan 3567', N'Rosario', N'SF', N'1098 ', N'567-2222', NULL, N'A')
INSERT [dbo].[clientes] ([cliente_num], [nombre], [apellido], [empresa], [domicilio], [ciudad], [provincia_cod], [codPostal], [telefono], [cliente_ref], [estado]) VALUES (121, N'Lara', N'Cross', N'chucherias', N'Lima 903', N'Rosario', N'SF', N'1078 ', N'389-111', NULL, N'A')
GO
INSERT [dbo].[facturas] ([factura_num], [cliente_num], [fecha_emision], [fecha_vto], [fecha_pago]) VALUES (1, 101, CAST(N'2021-01-02' AS Date), CAST(N'2021-01-10' AS Date), CAST(N'2021-01-09T00:00:00.000' AS DateTime))
INSERT [dbo].[facturas] ([factura_num], [cliente_num], [fecha_emision], [fecha_vto], [fecha_pago]) VALUES (2, 102, CAST(N'2021-02-05' AS Date), NULL, NULL)
INSERT [dbo].[facturas] ([factura_num], [cliente_num], [fecha_emision], [fecha_vto], [fecha_pago]) VALUES (3, 103, CAST(N'2021-03-16' AS Date), CAST(N'2021-04-01' AS Date), NULL)
INSERT [dbo].[facturas] ([factura_num], [cliente_num], [fecha_emision], [fecha_vto], [fecha_pago]) VALUES (4, 104, CAST(N'2021-03-17' AS Date), CAST(N'2021-04-04' AS Date), CAST(N'2021-04-10T00:00:00.000' AS DateTime))
INSERT [dbo].[facturas] ([factura_num], [cliente_num], [fecha_emision], [fecha_vto], [fecha_pago]) VALUES (5, 105, CAST(N'2021-04-09' AS Date), NULL, NULL)
INSERT [dbo].[facturas] ([factura_num], [cliente_num], [fecha_emision], [fecha_vto], [fecha_pago]) VALUES (6, 102, CAST(N'2021-04-10' AS Date), NULL, NULL)
INSERT [dbo].[facturas] ([factura_num], [cliente_num], [fecha_emision], [fecha_vto], [fecha_pago]) VALUES (7, 103, CAST(N'2021-04-14' AS Date), NULL, NULL)
INSERT [dbo].[facturas] ([factura_num], [cliente_num], [fecha_emision], [fecha_vto], [fecha_pago]) VALUES (8, 104, CAST(N'2021-05-02' AS Date), CAST(N'2021-05-10' AS Date), CAST(N'2021-05-08T00:00:00.000' AS DateTime))
INSERT [dbo].[facturas] ([factura_num], [cliente_num], [fecha_emision], [fecha_vto], [fecha_pago]) VALUES (9, 105, CAST(N'2021-05-04' AS Date), CAST(N'2021-05-14' AS Date), NULL)
INSERT [dbo].[facturas] ([factura_num], [cliente_num], [fecha_emision], [fecha_vto], [fecha_pago]) VALUES (10, 106, CAST(N'2021-05-04' AS Date), CAST(N'2021-05-15' AS Date), CAST(N'2021-05-20T00:00:00.000' AS DateTime))
INSERT [dbo].[facturas] ([factura_num], [cliente_num], [fecha_emision], [fecha_vto], [fecha_pago]) VALUES (11, 107, CAST(N'2021-05-05' AS Date), NULL, NULL)
INSERT [dbo].[facturas] ([factura_num], [cliente_num], [fecha_emision], [fecha_vto], [fecha_pago]) VALUES (12, 108, CAST(N'2021-05-06' AS Date), NULL, NULL)
INSERT [dbo].[facturas] ([factura_num], [cliente_num], [fecha_emision], [fecha_vto], [fecha_pago]) VALUES (13, 109, CAST(N'2021-05-07' AS Date), NULL, NULL)
INSERT [dbo].[facturas] ([factura_num], [cliente_num], [fecha_emision], [fecha_vto], [fecha_pago]) VALUES (14, 110, CAST(N'2021-05-08' AS Date), CAST(N'2021-05-18' AS Date), CAST(N'2021-05-18T00:00:00.000' AS DateTime))
INSERT [dbo].[facturas] ([factura_num], [cliente_num], [fecha_emision], [fecha_vto], [fecha_pago]) VALUES (15, 111, CAST(N'2021-05-09' AS Date), NULL, NULL)
INSERT [dbo].[facturas] ([factura_num], [cliente_num], [fecha_emision], [fecha_vto], [fecha_pago]) VALUES (16, 112, CAST(N'2021-05-09' AS Date), NULL, NULL)
INSERT [dbo].[facturas] ([factura_num], [cliente_num], [fecha_emision], [fecha_vto], [fecha_pago]) VALUES (17, 113, CAST(N'2021-05-10' AS Date), NULL, NULL)
INSERT [dbo].[facturas] ([factura_num], [cliente_num], [fecha_emision], [fecha_vto], [fecha_pago]) VALUES (18, 114, CAST(N'2021-05-11' AS Date), NULL, NULL)
INSERT [dbo].[facturas] ([factura_num], [cliente_num], [fecha_emision], [fecha_vto], [fecha_pago]) VALUES (19, 115, CAST(N'2021-05-12' AS Date), CAST(N'2021-05-20' AS Date), CAST(N'2021-05-18T00:00:00.000' AS DateTime))
INSERT [dbo].[facturas] ([factura_num], [cliente_num], [fecha_emision], [fecha_vto], [fecha_pago]) VALUES (20, 103, CAST(N'2021-05-13' AS Date), NULL, NULL)
INSERT [dbo].[facturas] ([factura_num], [cliente_num], [fecha_emision], [fecha_vto], [fecha_pago]) VALUES (21, NULL, CAST(N'2021-05-13' AS Date), NULL, CAST(N'2021-05-13T00:00:00.000' AS DateTime))
INSERT [dbo].[facturas] ([factura_num], [cliente_num], [fecha_emision], [fecha_vto], [fecha_pago]) VALUES (22, 106, CAST(N'2021-06-02' AS Date), CAST(N'2021-06-10' AS Date), CAST(N'2021-06-11T00:00:00.000' AS DateTime))
INSERT [dbo].[facturas] ([factura_num], [cliente_num], [fecha_emision], [fecha_vto], [fecha_pago]) VALUES (23, 119, CAST(N'2021-06-03' AS Date), CAST(N'2021-06-13' AS Date), CAST(N'2021-06-12T00:00:00.000' AS DateTime))
INSERT [dbo].[facturas] ([factura_num], [cliente_num], [fecha_emision], [fecha_vto], [fecha_pago]) VALUES (24, 119, CAST(N'2022-09-10' AS Date), CAST(N'2022-10-10' AS Date), CAST(N'2022-10-10T00:00:00.000' AS DateTime))
INSERT [dbo].[facturas] ([factura_num], [cliente_num], [fecha_emision], [fecha_vto], [fecha_pago]) VALUES (25, 108, CAST(N'2022-09-10' AS Date), CAST(N'2022-10-10' AS Date), CAST(N'2022-10-10T00:00:00.000' AS DateTime))
INSERT [dbo].[facturas] ([factura_num], [cliente_num], [fecha_emision], [fecha_vto], [fecha_pago]) VALUES (26, 103, CAST(N'2022-01-28' AS Date), CAST(N'2022-02-28' AS Date), CAST(N'2022-02-28T00:00:00.000' AS DateTime))
INSERT [dbo].[facturas] ([factura_num], [cliente_num], [fecha_emision], [fecha_vto], [fecha_pago]) VALUES (27, 108, CAST(N'2022-02-02' AS Date), CAST(N'2022-02-22' AS Date), CAST(N'2022-02-03T00:00:00.000' AS DateTime))
GO
INSERT [dbo].[facturas_det] ([factura_num], [renglon], [producto_cod], [cantidad], [precio_unit]) VALUES (1, 1, 1000, 10, CAST(140.00 AS Decimal(10, 2)))
INSERT [dbo].[facturas_det] ([factura_num], [renglon], [producto_cod], [cantidad], [precio_unit]) VALUES (1, 2, 1001, 20, CAST(120.00 AS Decimal(10, 2)))
INSERT [dbo].[facturas_det] ([factura_num], [renglon], [producto_cod], [cantidad], [precio_unit]) VALUES (2, 1, 1002, 15, CAST(110.00 AS Decimal(10, 2)))
INSERT [dbo].[facturas_det] ([factura_num], [renglon], [producto_cod], [cantidad], [precio_unit]) VALUES (3, 1, 1003, 10, CAST(120.00 AS Decimal(10, 2)))
INSERT [dbo].[facturas_det] ([factura_num], [renglon], [producto_cod], [cantidad], [precio_unit]) VALUES (3, 2, 1004, 30, CAST(400.00 AS Decimal(10, 2)))
INSERT [dbo].[facturas_det] ([factura_num], [renglon], [producto_cod], [cantidad], [precio_unit]) VALUES (3, 3, 1005, 40, CAST(200.00 AS Decimal(10, 2)))
INSERT [dbo].[facturas_det] ([factura_num], [renglon], [producto_cod], [cantidad], [precio_unit]) VALUES (4, 1, 1006, 10, CAST(100.00 AS Decimal(10, 2)))
INSERT [dbo].[facturas_det] ([factura_num], [renglon], [producto_cod], [cantidad], [precio_unit]) VALUES (5, 1, 1007, 30, CAST(100.00 AS Decimal(10, 2)))
INSERT [dbo].[facturas_det] ([factura_num], [renglon], [producto_cod], [cantidad], [precio_unit]) VALUES (5, 2, 1010, 20, CAST(170.00 AS Decimal(10, 2)))
INSERT [dbo].[facturas_det] ([factura_num], [renglon], [producto_cod], [cantidad], [precio_unit]) VALUES (5, 3, 1001, 25, CAST(160.00 AS Decimal(10, 2)))
INSERT [dbo].[facturas_det] ([factura_num], [renglon], [producto_cod], [cantidad], [precio_unit]) VALUES (5, 4, 1002, 20, CAST(200.00 AS Decimal(10, 2)))
INSERT [dbo].[facturas_det] ([factura_num], [renglon], [producto_cod], [cantidad], [precio_unit]) VALUES (6, 1, 1004, 20, CAST(200.00 AS Decimal(10, 2)))
INSERT [dbo].[facturas_det] ([factura_num], [renglon], [producto_cod], [cantidad], [precio_unit]) VALUES (6, 2, 1005, 30, CAST(150.00 AS Decimal(10, 2)))
INSERT [dbo].[facturas_det] ([factura_num], [renglon], [producto_cod], [cantidad], [precio_unit]) VALUES (6, 3, 1006, 25, CAST(140.00 AS Decimal(10, 2)))
INSERT [dbo].[facturas_det] ([factura_num], [renglon], [producto_cod], [cantidad], [precio_unit]) VALUES (7, 1, 1000, 20, CAST(160.00 AS Decimal(10, 2)))
INSERT [dbo].[facturas_det] ([factura_num], [renglon], [producto_cod], [cantidad], [precio_unit]) VALUES (8, 1, 1004, 20, CAST(140.00 AS Decimal(10, 2)))
INSERT [dbo].[facturas_det] ([factura_num], [renglon], [producto_cod], [cantidad], [precio_unit]) VALUES (8, 2, 1005, 25, CAST(150.00 AS Decimal(10, 2)))
INSERT [dbo].[facturas_det] ([factura_num], [renglon], [producto_cod], [cantidad], [precio_unit]) VALUES (8, 3, 1006, 30, CAST(120.00 AS Decimal(10, 2)))
INSERT [dbo].[facturas_det] ([factura_num], [renglon], [producto_cod], [cantidad], [precio_unit]) VALUES (8, 4, 1011, 10, CAST(190.00 AS Decimal(10, 2)))
INSERT [dbo].[facturas_det] ([factura_num], [renglon], [producto_cod], [cantidad], [precio_unit]) VALUES (9, 1, 1007, 10, CAST(50.00 AS Decimal(10, 2)))
INSERT [dbo].[facturas_det] ([factura_num], [renglon], [producto_cod], [cantidad], [precio_unit]) VALUES (9, 2, 1006, 10, CAST(100.00 AS Decimal(10, 2)))
INSERT [dbo].[facturas_det] ([factura_num], [renglon], [producto_cod], [cantidad], [precio_unit]) VALUES (10, 1, 1003, 25, CAST(50.00 AS Decimal(10, 2)))
INSERT [dbo].[facturas_det] ([factura_num], [renglon], [producto_cod], [cantidad], [precio_unit]) VALUES (10, 2, 1011, 20, CAST(100.00 AS Decimal(10, 2)))
INSERT [dbo].[facturas_det] ([factura_num], [renglon], [producto_cod], [cantidad], [precio_unit]) VALUES (10, 3, 1004, 10, CAST(50.00 AS Decimal(10, 2)))
INSERT [dbo].[facturas_det] ([factura_num], [renglon], [producto_cod], [cantidad], [precio_unit]) VALUES (11, 1, 1004, 20, CAST(150.00 AS Decimal(10, 2)))
INSERT [dbo].[facturas_det] ([factura_num], [renglon], [producto_cod], [cantidad], [precio_unit]) VALUES (12, 1, 1005, 30, CAST(50.00 AS Decimal(10, 2)))
INSERT [dbo].[facturas_det] ([factura_num], [renglon], [producto_cod], [cantidad], [precio_unit]) VALUES (13, 1, 1006, 20, CAST(120.00 AS Decimal(10, 2)))
INSERT [dbo].[facturas_det] ([factura_num], [renglon], [producto_cod], [cantidad], [precio_unit]) VALUES (14, 1, 1007, 10, CAST(50.00 AS Decimal(10, 2)))
INSERT [dbo].[facturas_det] ([factura_num], [renglon], [producto_cod], [cantidad], [precio_unit]) VALUES (15, 1, 1000, 15, CAST(170.00 AS Decimal(10, 2)))
INSERT [dbo].[facturas_det] ([factura_num], [renglon], [producto_cod], [cantidad], [precio_unit]) VALUES (16, 1, 1001, 25, CAST(20.00 AS Decimal(10, 2)))
INSERT [dbo].[facturas_det] ([factura_num], [renglon], [producto_cod], [cantidad], [precio_unit]) VALUES (17, 1, 1002, 40, CAST(30.00 AS Decimal(10, 2)))
INSERT [dbo].[facturas_det] ([factura_num], [renglon], [producto_cod], [cantidad], [precio_unit]) VALUES (18, 1, 1003, 50, CAST(15.00 AS Decimal(10, 2)))
INSERT [dbo].[facturas_det] ([factura_num], [renglon], [producto_cod], [cantidad], [precio_unit]) VALUES (19, 1, 1004, 20, CAST(25.00 AS Decimal(10, 2)))
INSERT [dbo].[facturas_det] ([factura_num], [renglon], [producto_cod], [cantidad], [precio_unit]) VALUES (20, 1, 1005, 50, CAST(100.00 AS Decimal(10, 2)))
INSERT [dbo].[facturas_det] ([factura_num], [renglon], [producto_cod], [cantidad], [precio_unit]) VALUES (20, 2, 1006, 40, CAST(90.00 AS Decimal(10, 2)))
INSERT [dbo].[facturas_det] ([factura_num], [renglon], [producto_cod], [cantidad], [precio_unit]) VALUES (20, 3, 1007, 30, CAST(100.00 AS Decimal(10, 2)))
INSERT [dbo].[facturas_det] ([factura_num], [renglon], [producto_cod], [cantidad], [precio_unit]) VALUES (21, 1, 1006, 20, CAST(180.00 AS Decimal(10, 2)))
INSERT [dbo].[facturas_det] ([factura_num], [renglon], [producto_cod], [cantidad], [precio_unit]) VALUES (22, 1, 1013, 10, CAST(100.00 AS Decimal(10, 2)))
INSERT [dbo].[facturas_det] ([factura_num], [renglon], [producto_cod], [cantidad], [precio_unit]) VALUES (22, 2, 1014, 5, CAST(200.00 AS Decimal(10, 2)))
INSERT [dbo].[facturas_det] ([factura_num], [renglon], [producto_cod], [cantidad], [precio_unit]) VALUES (22, 3, 1015, 10, CAST(150.00 AS Decimal(10, 2)))
INSERT [dbo].[facturas_det] ([factura_num], [renglon], [producto_cod], [cantidad], [precio_unit]) VALUES (23, 1, 1012, 15, CAST(100.00 AS Decimal(10, 2)))
INSERT [dbo].[facturas_det] ([factura_num], [renglon], [producto_cod], [cantidad], [precio_unit]) VALUES (23, 2, 1012, 10, CAST(100.00 AS Decimal(10, 2)))
INSERT [dbo].[facturas_det] ([factura_num], [renglon], [producto_cod], [cantidad], [precio_unit]) VALUES (23, 3, 1013, 20, CAST(50.00 AS Decimal(10, 2)))
INSERT [dbo].[facturas_det] ([factura_num], [renglon], [producto_cod], [cantidad], [precio_unit]) VALUES (23, 4, 1014, 30, CAST(50.00 AS Decimal(10, 2)))
INSERT [dbo].[facturas_det] ([factura_num], [renglon], [producto_cod], [cantidad], [precio_unit]) VALUES (23, 5, 1015, 11, CAST(111.00 AS Decimal(10, 2)))
INSERT [dbo].[facturas_det] ([factura_num], [renglon], [producto_cod], [cantidad], [precio_unit]) VALUES (23, 6, 1011, 22, CAST(222.00 AS Decimal(10, 2)))
INSERT [dbo].[facturas_det] ([factura_num], [renglon], [producto_cod], [cantidad], [precio_unit]) VALUES (23, 7, 1006, 33, CAST(33.00 AS Decimal(10, 2)))
INSERT [dbo].[facturas_det] ([factura_num], [renglon], [producto_cod], [cantidad], [precio_unit]) VALUES (24, 1, 1005, 20, CAST(150.00 AS Decimal(10, 2)))
INSERT [dbo].[facturas_det] ([factura_num], [renglon], [producto_cod], [cantidad], [precio_unit]) VALUES (25, 1, 1012, 10, CAST(100.00 AS Decimal(10, 2)))
INSERT [dbo].[facturas_det] ([factura_num], [renglon], [producto_cod], [cantidad], [precio_unit]) VALUES (26, 1, 1016, 8, CAST(160.00 AS Decimal(10, 2)))
INSERT [dbo].[facturas_det] ([factura_num], [renglon], [producto_cod], [cantidad], [precio_unit]) VALUES (26, 2, 1017, 18, CAST(110.00 AS Decimal(10, 2)))
INSERT [dbo].[facturas_det] ([factura_num], [renglon], [producto_cod], [cantidad], [precio_unit]) VALUES (27, 1, 1016, 10, CAST(120.00 AS Decimal(10, 2)))
INSERT [dbo].[facturas_det] ([factura_num], [renglon], [producto_cod], [cantidad], [precio_unit]) VALUES (27, 2, 1017, 20, CAST(100.00 AS Decimal(10, 2)))
GO
